csrftoken	9f0ldh740ttDQQpDzn1dOi6TaKeuKJeB	.instagram.com	/	2027-09-11T07:42:37.019Z	41		✓		Medium
datr	EjQ4am5LH5Htsn4KtnED4Wnk	.instagram.com	/	2027-07-26T18:57:22.805Z	28	✓	✓	None			Medium
dpr	1.25	.instagram.com	/	2026-08-14T07:42:33.000Z	7		✓	None			Medium
ds_user_id	44450961500	.instagram.com	/	2026-11-05T07:42:37.019Z	21		✓	None			Medium
ig_did	7F31DD16-AF05-4A0D-BD65-FFAF73372DDB	.instagram.com	/	2027-06-21T18:57:22.057Z	42	✓✓	None			Medium
ig_nrcb	1	.instagram.com	/	2027-06-21T18:57:24.782Z	8	✓				Medium
mid	ajg0FAALAAHVsTBvhZHXGDuugQ6_	.instagram.com	/	2027-07-26T18:57:24.782Z	31	✓				Medium
ps_l	1	.instagram.com	/	2027-07-26T19:22:03.012Z	5	✓✓	Lax			Medium
ps_n	1	.instagram.com	/	2027-07-26T19:22:03.012Z	5	✓✓	None			Medium
rur	PRN%2C17841444445006370%2C1787300836%3A01ffc182ebbc33ee36c01459d262f9c22ab5d776d387b700867714f12a9bc82ed7ab56f7	.instagram.com	/	2027-08-07T07:43:37.000Z	114	✓	✓	Lax			Medium
sessionid	44450961500%3A9XFUNbSNWDUBlx%3A27%3AAYg__TWsItjmf29BYYDI4aFU3dKucTYlgsset6M4Pxs	.instagram.com	/	2027-08-07T07:42:37.020Z	88	✓✓				Medium
wd	982x730	.instagram.com	/	2026-08-14T07:43:36.000Z	9		✓	Lax			Medium